Cluster,Tenure,Monthlycharges,Gender,Seniorcitizen,Mult Lines,Int Service,Pay Method,Contract,Paperlessbilling,OnlineExtras,StreamingExtras
0,0.7959834566284334,0.840016729482267,0,0,2,1,0,0,1,3,2
1,0.3866194811265061,0.6964888216087904,0,0,0,1,2,0,1,0,1
2,0.6269725899482309,0.8681776577287856,1,0,2,1,2,0,1,1,2
3,0.19931538195526835,0.488911072054155,1,0,0,0,2,0,1,0,0
4,0.434416778927317,0.7434408394212768,1,0,2,1,2,0,1,0,0
